Arroz;2.3;Granos;5
Frijoles;1.5;Granos;4
Azucar;1.2;Endulzantes;2
Sal;0.8;Condimentos;1
Aceite;4.5;Grasas;1
Lechuga;0.9;Verduras;1
Cebolla;0.6;Verduras;1
Tomate;1.1;Verduras;1
Papas;1.8;Verduras;3
Carne;10.0;Proteinas;2
Pollo;8.0;Proteinas;2
Atun;2.5;Proteinas;1
Lentejas;3.0;Granos;2
Yogurt;1.2;Lacteos;1
Queso;2.5;Lacteos;1
Huevo;0.2;Proteinas;1
Agua;0.0;Bebidas;1
Coca-Cola;1.5;Bebidas;1
Cerveza;2.0;Bebidas;1
Jugo;1.2;Bebidas;1
Manzanas;1.5;Frutas;10
Platanos;1.8;Frutas;6
Naranjas;1.2;Frutas;8
Uvas;2.5;Frutas;12
Brocoli;0.9;Verduras;1
Zanahorias;1.1;Verduras;1
Calabacín;1.2;Verduras;1
Pimiento;1.5;Verduras;1